Seq ID,Pattern ID,Sequence,ML Score,Prediction
ID_seq1,Pattern_1,AASDISLL,0.44,non-ABPs
ID_seq1,Pattern_2,ASDISLLD,0.32,non-ABPs
ID_seq1,Pattern_3,SDISLLDA,0.47,non-ABPs
ID_seq1,Pattern_4,DISLLDAQ,0.4,non-ABPs
ID_seq1,Pattern_5,ISLLDAQS,0.44,non-ABPs
ID_seq1,Pattern_6,SLLDAQSA,0.44,non-ABPs
ID_seq1,Pattern_7,LLDAQSAP,0.39,non-ABPs
ID_seq1,Pattern_8,LDAQSAPL,0.28,non-ABPs
ID_seq1,Pattern_9,DAQSAPLR,0.37,non-ABPs
ID_seq2,Pattern_1,VKPVVKPV,0.37,non-ABPs
ID_seq2,Pattern_2,KPVVKPVV,0.38,non-ABPs
ID_seq2,Pattern_3,PVVKPVVK,0.47,non-ABPs
ID_seq2,Pattern_4,VVKPVVKP,0.57,ABPs
ID_seq2,Pattern_5,VKPVVKPV,0.37,non-ABPs
ID_seq2,Pattern_6,KPVVKPVV,0.38,non-ABPs
ID_seq2,Pattern_7,PVVKPVVK,0.47,non-ABPs
ID_seq2,Pattern_8,VVKPVVKP,0.57,ABPs
ID_seq2,Pattern_9,VKPVVKPV,0.37,non-ABPs
ID_seq2,Pattern_10,KPVVKPVV,0.38,non-ABPs
ID_seq2,Pattern_11,PVVKPVVK,0.47,non-ABPs
ID_seq2,Pattern_12,VVKPVVKP,0.57,ABPs
ID_seq2,Pattern_13,VKPVVKPV,0.37,non-ABPs
ID_seq2,Pattern_14,KPVVKPVV,0.38,non-ABPs
ID_seq2,Pattern_15,PVVKPVVK,0.47,non-ABPs
ID_seq2,Pattern_16,VVKPVVKP,0.57,ABPs
ID_seq2,Pattern_17,VKPVVKPV,0.37,non-ABPs
ID_seq3,Pattern_1,NNRPVYIP,0.26,non-ABPs
ID_seq3,Pattern_2,NRPVYIPQ,0.46,non-ABPs
ID_seq3,Pattern_3,RPVYIPQP,0.3,non-ABPs
ID_seq3,Pattern_4,PVYIPQPR,0.29,non-ABPs
ID_seq3,Pattern_5,VYIPQPRP,0.31,non-ABPs
ID_seq3,Pattern_6,YIPQPRPP,0.29,non-ABPs
ID_seq3,Pattern_7,IPQPRPPH,0.33,non-ABPs
ID_seq3,Pattern_8,PQPRPPHP,0.22,non-ABPs
ID_seq3,Pattern_9,QPRPPHPR,0.25,non-ABPs
ID_seq3,Pattern_10,PRPPHPRI,0.29,non-ABPs
ID_seq4,Pattern_1,MLTITSYF,0.11,non-ABPs
ID_seq4,Pattern_2,LTITSYFG,0.46,non-ABPs
ID_seq4,Pattern_3,TITSYFGF,0.5,non-ABPs
ID_seq4,Pattern_4,ITSYFGFL,0.48,non-ABPs
ID_seq4,Pattern_5,TSYFGFLL,0.35,non-ABPs
ID_seq4,Pattern_6,SYFGFLLA,0.55,ABPs
ID_seq4,Pattern_7,YFGFLLAA,0.5,non-ABPs
ID_seq4,Pattern_8,FGFLLAAL,0.64,ABPs
ID_seq4,Pattern_9,GFLLAALT,0.45,non-ABPs
ID_seq4,Pattern_10,FLLAALTL,0.64,ABPs
ID_seq4,Pattern_11,LLAALTLT,0.52,ABPs
ID_seq4,Pattern_12,LAALTLTL,0.5,non-ABPs
ID_seq4,Pattern_13,AALTLTLA,0.44,non-ABPs
ID_seq4,Pattern_14,ALTLTLAL,0.52,ABPs
ID_seq4,Pattern_15,LTLTLALF,0.61,ABPs
ID_seq4,Pattern_16,TLTLALFI,0.59,ABPs
ID_seq4,Pattern_17,LTLALFIG,0.58,ABPs
ID_seq4,Pattern_18,TLALFIGL,0.46,non-ABPs
ID_seq4,Pattern_19,LALFIGLN,0.44,non-ABPs
ID_seq4,Pattern_20,ALFIGLNK,0.64,ABPs
ID_seq4,Pattern_21,LFIGLNKI,0.66,ABPs
ID_seq4,Pattern_22,FIGLNKIR,0.66,ABPs
ID_seq4,Pattern_23,IGLNKIRL,0.51,ABPs
ID_seq4,Pattern_24,GLNKIRLI,0.59,ABPs
ID_seq5,Pattern_1,IAGSEEYG,0.3,non-ABPs
ID_seq5,Pattern_2,AGSEEYGK,0.4,non-ABPs
ID_seq5,Pattern_3,GSEEYGKH,0.58,ABPs
ID_seq5,Pattern_4,SEEYGKHC,0.53,ABPs
ID_seq5,Pattern_5,EEYGKHCF,0.42,non-ABPs
ID_seq5,Pattern_6,EYGKHCFK,0.56,ABPs
ID_seq5,Pattern_7,YGKHCFKG,0.72,ABPs
ID_seq5,Pattern_8,GKHCFKGA,0.62,ABPs
ID_seq5,Pattern_9,KHCFKGAV,0.5,non-ABPs
ID_seq5,Pattern_10,HCFKGAVA,0.51,ABPs
ID_seq5,Pattern_11,CFKGAVAD,0.49,non-ABPs
ID_seq5,Pattern_12,FKGAVADA,0.43,non-ABPs
ID_seq5,Pattern_13,KGAVADAY,0.43,non-ABPs
ID_seq5,Pattern_14,GAVADAYL,0.24,non-ABPs
ID_seq5,Pattern_15,AVADAYLA,0.31,non-ABPs
ID_seq5,Pattern_16,VADAYLAK,0.45,non-ABPs
ID_seq5,Pattern_17,ADAYLAKH,0.63,ABPs
ID_seq6,Pattern_1,LLKKKFLK,0.74,ABPs
ID_seq6,Pattern_2,LKKKFLKK,0.88,ABPs
ID_seq6,Pattern_3,KKKFLKKQ,0.73,ABPs
